target_id,gene,pdb_id,resname,ligand_heavy_atoms,ligand_mw_da,measurement_source,n_pocket_residues_5A,box_center,box_size,selection_method,csv_rank,flags
CHEMBL1862_ABL1,ABL1,2F4J,VX6,33,436.4,file,23,1.99 -7.50 -24.57,22.58 21.20 33.08,csv_ranked_only,7,
CHEMBL1163125_BRD4,BRD4,7ZE6,1P8,11,206.0,file,11,-11.20 -5.74 0.32,22.30 20.00 20.00,csv_ranked_only,15,
CHEMBL1824_ERBB2,ERBB2,3PP0,03Q,34,474.7,file,29,17.10 16.55 26.60,23.37 29.94 23.25,csv_ranked_only,7,
CHEMBL1844_CSF1R,CSF1R,6IG8,A7O,38,484.3,file,29,-2.53 18.42 -16.76,40.03 21.21 24.44,csv_top5_match,3,
CHEMBL1906_RAF1,RAF1,3IQV,FSC,42,544.3,file,19,-17.98 -19.15 -1.67,26.36 24.24 28.00,csv_top5_match,1,
CHEMBL1936_KIT,KIT,6MOB,JWY,33,444.7,file,32,17.02 -17.53 3.61,23.22 30.15 24.11,csv_ranked_only,14,
CHEMBL1907611_p53_MDM2,MDM2,8PWC,G7I,65,590.5,file,22,32.95 -29.14 -2.02,23.32 27.37 30.31,csv_ranked_only,14,
CHEMBL1937_HDAC2,HDAC2,7ZZT,KJF,38,233.3,file,31,20.78 -19.27 1.03,25.56 21.37 24.43,csv_ranked_only,11,
CHEMBL1951_MAOA,MAOA,2BXS,MLG,17,257.0,file,20,10.16 125.41 51.57,27.00 20.00 20.48,csv_top5_match,4,
CHEMBL1957_IGF1R,IGF1R,3D94,D94,37,458.4,file,27,24.62 18.18 -5.56,22.09 27.86 30.40,csv_ranked_only,16,
CHEMBL1974_FLT3,FLT3,6JQR,C6F,40,508.4,file,21,-28.04 -10.36 -28.99,20.74 35.24 25.25,csv_top5_match,1,
CHEMBL1978_CYP19A1,CYP19A1,3S79,ASD,21,260.2,file,15,85.78 54.15 46.03,20.02 24.79 20.73,csv_top5_match,1,
CHEMBL2007625_IDH1,IDH1,6BKY,K32,14,447.7,file,11,21.07 63.03 88.50,20.94 23.52 20.37,csv_ranked_only,18,
CHEMBL203_EGFR,EGFR,3POZ,03P,38,522.8,file,30,17.42 32.79 11.71,26.75 24.40 27.22,csv_ranked_only,7,
CHEMBL2041_RET,RET,7DU9,Q4J,39,501.4,file,27,8.55 3.13 -5.40,26.47 27.59 26.02,csv_ranked_only,17,
CHEMBL2093865_HDAC_family,HDAC6,6CEC,EY7,17,220.1,file,12,0.41 3.72 6.98,23.00 20.25 21.17,csv_top5_match,4,
CHEMBL2093869_ITGA2B_ITGB3,ITGA2B,7UDH,MWO,22,284.2,file,11,53.12 109.25 73.17,21.73 29.27 22.19,csv_top5_match,1,
CHEMBL2147_PIM1,PIM1,8R0Q,XGB,11,206.0,file,14,119.52 203.63 -2.25,20.00 23.16 20.00,csv_top5_match,2,
CHEMBL2148_JAK3,JAK3,4QPS,37Q,27,340.3,file,20,-18.24 -4.73 13.25,20.00 24.87 25.14,csv_ranked_only,9,
CHEMBL215_ALOX5,ALOX5,6N2W,30Z,44,302.4,file,24,35.82 65.51 38.41,20.54 22.03 30.04,csv_ranked_only,7,
CHEMBL220_AChE,ACHE,4M0E,1YL,21,264.2,file,15,-17.20 -42.38 25.58,25.50 20.28 21.48,csv_top5_match,1,
CHEMBL235_PPARG,PPARG,3V9T,17L,39,502.3,file,26,11.43 48.48 61.04,26.89 23.22 28.31,csv_ranked_only,12,
CHEMBL248_ELANE,ELANE,5A0A,JJS,29,385.2,file,21,-6.93 35.13 -3.21,23.65 20.93 26.62,csv_top5_match,3,
CHEMBL2581_CTSD,CTSD,6QCB,HWE,35,442.3,file,13,9.12 16.53 7.16,27.71 23.96 25.43,csv_top5_match,1,
CHEMBL258_LCK,LCK,1QPD,STU,35,440.3,file,24,25.27 39.40 83.93,25.79 25.29 21.66,csv_ranked_only,13,
CHEMBL268_CTSK,CTSK,4X6H,3XT,23,299.2,file,22,16.97 8.02 -19.08,27.34 24.57 20.30,csv_top5_match,1,
CHEMBL2742_FGFR3,FGFR3,8UDV,WIQ,37,493.8,file,28,-44.66 19.46 35.20,33.96 22.43 24.18,csv_ranked_only,7,
CHEMBL279_KDR,KDR,3VO3,0KF,32,410.3,file,27,25.61 -27.71 -13.53,31.35 24.71 26.08,csv_top5_match,2,
CHEMBL280_MMP13,MMP13,3ZXH,E41,27,364.3,file,18,-3.88 28.15 55.28,23.61 24.96 23.53,csv_top5_match,2,
CHEMBL2820_F11,F11,7MBO,YXG,66,626.4,file,31,-1.06 9.92 -17.80,27.97 26.34 29.04,csv_top5_match,1,
CHEMBL2835_JAK1,JAK1,6N77,KEJ,27,367.7,file,23,5.62 -24.97 22.57,23.93 26.44 20.98,csv_top5_match,3,
CHEMBL2842_MTOR,MTOR,8PPZ,0AN,64,590.9,file,16,-9.28 3.90 29.69,24.87 27.42 25.52,csv_top5_match,5,
CHEMBL286_REN,REN,3K1W,BFX,38,566.7,file,28,3.83 6.23 1.46,25.61 20.87 27.90,csv_top5_match,1,
CHEMBL2971_JAK2,JAK2,3UGC,046,41,539.3,file,30,19.99 -18.08 -17.86,37.76 22.51 24.70,csv_top5_match,3,
CHEMBL3105_PARP1,PARP1,7KK5,3JD,24,300.2,file,18,-37.55 6.49 -7.79,25.91 25.98 22.80,csv_top5_match,5,
CHEMBL3130_PIK3CD,PIK3CD,6PYR,P5J,34,424.3,file,23,38.22 13.22 33.47,28.68 24.75 22.72,csv_top5_match,1,
CHEMBL3267_PIK3CG,PIK3CG,3L54,LXX,25,310.3,file,21,23.75 14.28 22.08,25.43 22.69 21.43,csv_top5_match,3,
CHEMBL333_MMP2,MMP2,7XJO,B3P,19,256.1,file,4,41.07 -61.82 19.86,20.09 21.60 26.92,csv_top5_match,1,
CHEMBL3553_TYK2,TYK2,8S99,ZS3,33,434.3,file,22,8.81 -37.04 26.07,27.03 25.98 20.70,csv_top5_match,2,
CHEMBL3572_CETP,CETP,4EWS,DLP,54,701.5,file,34,19.61 16.48 22.77,30.23 32.03 32.04,csv_top5_match,2,
CHEMBL3717_MET,MET,4R1V,3E8,37,464.4,file,26,109.97 20.48 140.48,31.35 27.13 21.01,csv_top5_match,3,
CHEMBL3880_HSP90AA1,HSP90AA1,5J2X,6DL,22,357.1,file,18,0.86 9.18 25.21,21.91 22.62 22.38,csv_top5_match,2,
CHEMBL3973_FGFR4,FGFR4,4XCU,40M,35,487.2,file,24,-13.83 4.77 -21.67,27.40 22.21 29.85,csv_ranked_only,6,
CHEMBL4282_AKT1,AKT1,3CQW,CQW,19,263.6,file,17,5.99 3.01 17.34,22.09 21.62 21.64,csv_ranked_only,10,
CHEMBL4439_TGFBR1,TGFBR1,4X2F,3WJ,19,242.2,file,16,19.22 70.23 4.84,25.00 20.00 20.98,csv_top5_match,5,
CHEMBL5145_BRAF,BRAF,8C7Y,TXV,34,461.7,file,26,1.42 111.00 16.57,27.80 22.27 28.00,csv_top5_match,3,
CHEMBL262_GSK3B,GSK3B,7SXJ,6VL,24,298.2,file,19,12.93 -8.86 33.31,22.46 21.70 23.57,csv_ranked_only,7,
CHEMBL3650_FGFR1,FGFR1,3DPK,8C5,70,490.6,file,31,4.67 28.23 6.18,30.41 31.34 25.81,csv_ranked_only,12,
CHEMBL4142_FGFR2,FGFR2,8W3D,TZ0,31,396.3,file,28,-8.30 -43.95 11.41,27.48 25.64 25.74,csv_ranked_only,10,
GENE_BTK,BTK,5P9J,8E8,33,416.3,file,26,19.81 7.16 3.62,26.41 23.05 28.51,csv_top5_match,1,
GENE_BCL2,BCL2,6O0P,LBM,61,818.0,file,26,-15.72 2.29 -9.39,25.28 28.11 35.50,csv_ranked_only,10,
GENE_PIK3R1,PIK3R1,8SBC,ZTV,55,394.5,file,26,102.42 116.99 19.24,24.85 26.68 27.66,csv_top5_match,3,
GENE_ABL2,ABL2,3HMI,DKI,28,412.3,file,22,-30.14 7.94 -14.59,23.12 22.28 27.93,csv_top5_match,1,
GENE_ACACB,ACACB,3JRX,S1A,37,476.3,file,24,-44.86 23.64 -16.94,26.40 24.31 27.43,csv_top5_match,3,
GENE_ACLY,ACLY,6HXM,,,,unavailable,,,,no_ligand_recorded,,no_reference_ligand_recorded
GENE_ACP1,ACP1,5KQL,6VY,32,290.3,file,21,2.21 10.38 -1.05,22.60 25.21 23.55,csv_top5_match,2,
GENE_ACE,ACE,5AMC,NIY,16,216.1,file,17,3.88 18.33 -25.84,22.48 21.54 20.00,csv_ranked_only,11,
GENE_ADA,ADA,3IAR,3D1,18,238.1,file,26,6.69 -3.34 0.09,24.28 21.99 20.81,csv_top5_match,1,
GENE_ACVRL1,ACVRL1,3MY0,LDN,31,384.3,file,23,60.43 -50.77 -29.82,25.56 21.91 30.30,csv_top5_match,1,
GENE_ADAMTS4,ADAMTS4,4WK7,3PQ,21,297.6,file,21,-6.01 2.85 23.12,25.36 21.41 23.25,csv_top5_match,1,
GENE_ADK,ADK,2I6A,5I5,19,363.1,file,24,8.60 -20.08 21.34,20.00 24.84 21.28,csv_top5_match,2,
GENE_ADORA1,ADORA1,5N2S,8K8,28,356.3,file,24,104.78 129.20 46.43,24.61 22.31 28.13,csv_top5_match,2,
GENE_ADAMTS5,ADAMTS5,3B8Z,294,30,427.3,file,24,13.37 2.72 -5.00,29.70 20.80 21.71,csv_top5_match,2,
GENE_ADAM17,ADAM17,3L0V,724,21,276.2,file,17,6.86 9.73 25.02,20.68 20.76 25.48,csv_top5_match,2,
GENE_ADRA2A,ADRA2A,6KUX,E3F,25,336.3,file,24,-2.15 -7.57 -19.69,23.91 20.00 26.38,csv_top5_match,1,
GENE_ADRA2C,ADRA2C,6KUW,CLR,28,340.3,file,18,-28.86 -1.66 52.82,21.05 20.00 32.87,csv_top5_match,1,
GENE_ACVR1,ACVR1,6SRH,LU8,64,432.6,file,31,-32.46 21.71 15.36,34.09 23.89 22.46,csv_top5_match,1,
GENE_ADRB1,ADRB1,7BVQ,CLR,28,340.3,file,13,15.84 -34.47 18.39,20.00 20.00 32.81,csv_top5_match,1,
GENE_AGTR1,AGTR1,6OS2,CLR,28,340.3,file,9,-33.56 -3.92 -47.86,25.17 21.70 30.32,csv_top5_match,1,
GENE_AHCY,AHCY,9QYI,ADN,19,254.1,file,25,17.20 20.02 -37.48,20.91 21.55 23.95,csv_top5_match,1,
GENE_AKR1C1,AKR1C1,1MRQ,STR,23,284.2,file,15,2.69 34.19 16.56,25.14 20.00 23.67,csv_top5_match,1,
GENE_ADORA2A,ADORA2A,5IU7,6DY,30,380.3,file,21,0.40 10.07 16.34,22.36 32.78 22.93,csv_ranked_only,16,
GENE_AKT2,AKT2,3D0E,G93,31,398.3,file,25,22.51 -18.81 8.45,21.55 26.80 26.46,csv_ranked_only,6,
GENE_ADRB2,ADRB2,6PS4,CLR,28,340.3,file,13,-9.87 9.70 34.76,20.16 20.00 33.29,csv_ranked_only,8,
GENE_ALDH1A3,ALDH1A3,6TGW,N98,28,358.2,file,19,-3.76 -23.65 31.56,20.89 24.00 30.39,csv_top5_match,4,
GENE_AKR1C2,AKR1C2,4XO6,AOX,21,260.2,file,14,11.55 17.00 -44.11,20.00 20.00 26.54,csv_top5_match,1,
GENE_ALDH2,ALDH2,3INJ,BXB,21,313.1,file,15,6.14 -27.41 45.11,22.23 20.86 25.34,csv_top5_match,4,
GENE_ALK,ALK,5A9U,5P8,30,387.3,file,19,30.66 46.30 8.46,25.53 24.48 23.07,csv_top5_match,3,
GENE_ANPEP,ANPEP,4FYR,BES,22,284.2,file,22,107.27 17.71 21.61,20.12 23.95 27.83,csv_top5_match,3,
GENE_APEX1,APEX1,7TC2,GID,15,200.1,file,12,-7.64 -25.55 24.38,20.00 24.39 21.92,csv_top5_match,1,
GENE_AOC3,AOC3,4BTX,WF8,22,280.2,file,13,92.89 51.63 34.34,25.71 22.38 20.00,csv_top5_match,3,
GENE_APOL1,APOL1,7LFD,,,,unavailable,,,,no_ligand_recorded,,no_reference_ligand_recorded
GENE_APP,APP,7OW1,,,,unavailable,,,,no_ligand_recorded,,no_reference_ligand_recorded
GENE_ARAF,ARAF,8VSN,WQT,22,419.1,file,14,30.00 16.06 16.21,22.48 25.18 23.48,csv_top5_match,2,
GENE_AR,AR,8E1A,3E0,20,279.2,file,23,26.97 2.59 4.23,23.16 25.68 20.00,csv_top5_match,1,
GENE_AURKB,AURKB,4AF3,VX6,33,436.4,file,19,20.83 -22.13 -10.39,28.45 21.37 27.23,csv_top5_match,1,
GENE_AURKC,AURKC,6GR8,F8Z,43,552.4,file,34,25.75 7.87 -2.66,24.40 23.33 33.83,csv_top5_match,1,
GENE_ARG1,ARG1,2AEB,ABH,28,192.0,file,27,66.24 13.07 29.75,20.04 24.30 20.00,csv_top5_match,1,
GENE_ASH1L,ASH1L,6WZW,UG7,39,551.4,file,21,7.16 1.78 7.23,20.76 28.55 31.08,csv_top5_match,1,
GENE_AXL,AXL,5U6B,7YS,32,438.7,file,21,24.81 -13.14 17.57,25.56 24.06 24.39,csv_top5_match,1,
GENE_AURKA,AURKA,5ORL,A4W,14,224.6,file,12,-20.21 28.65 -23.37,20.00 23.18 21.44,csv_top5_match,4,
GENE_BACE1,BACE1,7MYI,ZQS,21,302.3,file,20,20.55 55.43 87.80,25.50 20.00 22.21,csv_top5_match,1,
GENE_BBOX1,BBOX1,4C8R,6YT,23,318.2,file,21,-34.49 34.24 -24.02,26.51 22.74 20.44,csv_ranked_only,11,
GENE_BCAT2,BCAT2,5I5X,68C,19,286.3,file,13,-9.89 38.06 22.86,26.41 20.00 20.00,csv_top5_match,3,
GENE_BCR,BCR,5OC7,IP2,30,336.1,file,4,4.06 -49.75 92.06,23.43 21.30 22.73,csv_top5_match,1,
GENE_BCL6,BCL6,7OKL,VJ5,31,413.7,file,11,24.13 -11.66 16.68,26.32 23.38 26.01,csv_top5_match,3,
GENE_BCHE,BCHE,6QAA,HUN,28,346.3,file,25,18.52 42.38 40.93,26.82 23.51 24.57,csv_top5_match,2,
GENE_BMPR1B,BMPR1B,3MDY,LDN,31,384.3,file,23,45.97 11.25 57.35,25.58 30.50 20.00,csv_top5_match,1,
GENE_BMP1,BMP1,6BSM,E7D,29,378.2,file,15,15.99 -13.13 -23.63,23.49 20.45 28.89,csv_ranked_only,8,
GENE_BMX,BMX,3SXS,PP2,21,285.6,file,22,20.43 18.61 17.13,20.00 25.31 22.36,csv_top5_match,2,
GENE_BLM,BLM,7AUD,RY8,27,382.3,file,23,0.91 -15.03 3.85,31.02 20.59 22.31,csv_top5_match,5,
GENE_BRD3,BRD3,6QJU,J58,11,206.0,file,13,-0.61 0.96 0.71,20.00 20.00 21.36,csv_top5_match,1,
GENE_C5AR1,C5AR1,6C1R,EFD,42,546.4,file,21,12.60 2.52 -45.83,22.16 28.66 29.13,csv_top5_match,1,
GENE_BUB1,BUB1,6F7B,CVQ,39,510.3,file,32,18.26 -31.65 -13.14,30.94 23.21 24.06,csv_top5_match,2,
GENE_CA1,CA1,8S4F,VV8,27,405.3,file,25,28.24 0.37 -5.54,25.35 20.86 23.38,csv_top5_match,5,
GENE_CA12,CA12,5MSA,3TV,18,294.2,file,19,25.91 4.58 10.27,23.41 23.37 20.71,csv_top5_match,5,
GENE_CACNA1C,CACNA1C,5V2P,,,,unavailable,,,,no_ligand_recorded,,no_reference_ligand_recorded
GENE_CA2,CA2,3K34,SUA,21,328.3,file,20,-5.56 5.03 13.03,21.79 26.15 26.36,csv_top5_match,1,
GENE_CAMK2B,CAMK2B,3BHH,5CP,27,340.3,file,22,21.17 65.37 32.29,24.19 24.95 20.52,csv_top5_match,1,
GENE_CAMK2G,CAMK2G,2V7O,DRN,33,434.4,file,17,-16.92 -26.95 -10.73,26.78 21.36 25.12,csv_top5_match,1,
GENE_CAMK2D,CAMK2D,2WEL,K88,26,350.3,file,16,23.61 -12.13 -0.97,28.24 23.08 20.82,csv_top5_match,1,
GENE_CALCRL,CALCRL,7P0I,7IU,45,574.4,file,23,15.16 23.38 -4.85,28.82 22.76 27.13,csv_ranked_only,7,
GENE_CAMK2A,CAMK2A,7REC,7ZV,20,301.1,file,21,34.15 47.79 24.60,20.00 24.07 23.46,csv_top5_match,4,
GENE_CAPN1,CAPN1,1ZCM,C1N,39,498.3,file,21,-21.89 5.84 35.60,25.19 26.30 25.02,csv_top5_match,4,
GENE_CASP7,CASP7,5V6Z,8YJ,20,295.7,file,16,42.44 -11.41 9.59,22.05 23.10 25.27,csv_top5_match,1,
GENE_CASP8,CASP8,6PX9,63R,30,378.3,file,15,-14.41 -20.39 7.11,28.77 24.75 24.71,csv_ranked_only,8,
GENE_CASR,CASR,5FBK,TCR,16,204.1,file,21,-30.68 -11.86 26.08,21.16 23.93 20.00,csv_top5_match,1,
GENE_CCND3,CCND3,7SJ3,6ZV,37,474.3,file,25,12.93 -38.62 10.71,30.74 23.20 24.30,csv_top5_match,1,
GENE_CBLB,CBLB,8QTG,WUQ,28,369.2,file,22,20.65 18.00 35.01,25.16 23.26 24.39,csv_top5_match,1,
GENE_CCNE1,CCNE1,7KJS,WG1,32,444.3,file,24,35.25 23.74 -6.72,22.15 29.28 21.58,csv_ranked_only,9,
GENE_CCR2,CCR2,6GPS,F7N,68,470.6,file,33,7.96 -13.49 -12.15,29.47 28.21 24.65,csv_top5_match,3,
GENE_CCNK,CCNK,8P81,RMF,34,479.2,file,20,11.46 24.88 19.47,30.05 21.75 23.48,csv_top5_match,4,
GENE_CCNT1,CCNT1,3BLR,CPB,28,381.7,file,21,53.03 -17.23 -12.74,25.40 24.86 20.00,csv_top5_match,1,
GENE_CCR9,CCR9,5LWE,79K,30,423.8,file,27,173.19 76.51 53.76,24.36 24.79 23.57,csv_top5_match,1,
GENE_CCR5,CCR5,9WP1,A3P,27,412.1,file,28,80.76 81.72 26.25,23.30 25.46 26.57,csv_top5_match,5,
GENE_CD274,CD274,8P1O,WEW,37,491.8,file,13,12.01 20.76 6.09,31.16 26.13 24.60,csv_ranked_only,10,
GENE_CD38,CD38,6VUA,ROJ,35,539.6,file,26,-7.71 -22.03 7.58,23.99 26.82 24.21,csv_top5_match,1,
GENE_CDC25B,CDC25B,4WH9,3M8,17,269.2,file,14,16.93 -7.66 -4.07,21.76 23.07 21.65,csv_top5_match,1,
GENE_CDC7,CDC7,6YA6,0SX,20,277.6,file,24,20.41 18.18 58.40,26.34 21.54 20.00,csv_top5_match,1,
GENE_CDK1,CDK1,6GU2,F9Z,28,381.7,file,19,328.83 213.27 192.53,20.61 24.68 25.09,csv_top5_match,1,
GENE_CDK13,CDK13,7NXJ,5I1,40,525.8,file,27,22.21 54.20 57.01,32.63 26.70 23.59,csv_top5_match,2,
GENE_CDK12,CDK12,6CKX,8M1,33,412.3,file,21,9.92 -24.57 40.44,24.18 29.06 25.45,csv_top5_match,5,
GENE_CDK5,CDK5,4AU8,Z3R,18,288.3,file,19,9.09 28.21 0.27,24.20 20.00 24.64,csv_top5_match,1,
GENE_CDK5R1,CDK5R1,3O0G,3O0,25,363.7,file,20,-5.95 60.17 60.85,20.00 28.70 24.39,csv_top5_match,1,
GENE_CDK6,CDK6,6OQO,N1J,34,431.3,file,21,22.80 37.61 -9.50,24.87 25.51 27.54,csv_top5_match,2,
GENE_CDK7,CDK7,8R9A,I74,60,395.5,file,23,-16.35 -2.37 8.50,23.86 27.84 24.04,csv_top5_match,1,
GENE_CDK9,CDK9,3BLR,CPB,28,381.7,file,21,53.03 -17.23 -12.74,25.40 24.86 20.00,csv_top5_match,1,
GENE_CES1,CES1,1MX1,THA,15,184.2,file,21,21.20 -30.20 28.80,20.66 20.29 22.66,csv_ranked_only,7,
GENE_CFD,CFD,5MT0,QJS,25,323.2,file,20,8.89 10.34 4.43,20.08 23.30 27.42,csv_top5_match,3,
GENE_CFTR,CFTR,5TF8,TTP,29,465.0,file,16,3.00 46.91 6.72,24.78 25.48 24.39,csv_ranked_only,7,
GENE_CHRM1,CHRM1,6ZG4,QK8,26,330.2,file,21,-22.76 20.25 5.57,24.21 28.75 25.01,csv_top5_match,2,
GENE_CHKA,CHKA,3G15,HC6,30,380.3,file,14,-12.20 -17.22 8.38,23.57 28.25 27.83,csv_top5_match,3,
GENE_CHEK2,CHEK2,2YCF,YCF,32,416.3,file,30,46.74 16.09 -6.79,20.00 30.16 33.11,csv_top5_match,1,
GENE_CHRM2,CHRM2,5ZKC,3C0,23,294.2,file,19,183.66 27.69 525.79,23.64 23.37 20.91,csv_top5_match,1,
GENE_CHRM4,CHRM4,5DSG,0HK,26,370.3,file,20,50.89 8.18 63.22,23.92 22.01 22.97,csv_top5_match,1,
GENE_CHRM5,CHRM5,6OL9,0HK,26,370.3,file,20,35.58 23.85 -41.06,25.35 21.41 22.09,csv_top5_match,1,
GENE_CHRNA3,CHRNA3,4ZK4,TII,45,275.4,file,13,19.70 10.91 25.60,27.40 21.63 24.09,csv_top5_match,1,
GENE_CHRNA9,CHRNA9,4UXU,MLK,49,632.4,file,12,2.15 -10.37 -6.81,27.91 28.73 23.86,csv_top5_match,1,
GENE_COPS5,COPS5,5JOH,6M3,26,345.7,file,13,29.22 -29.71 15.73,20.89 22.91 26.05,csv_top5_match,1,
GENE_CNR1,CNR1,5XRA,8D3,28,412.2,file,26,-42.05 -164.34 306.63,25.23 25.14 24.33,csv_top5_match,3,
GENE_CSK,CSK,1BYG,STU,35,440.3,file,23,27.84 44.98 12.44,22.24 25.41 24.63,csv_top5_match,1,
GENE_COMT,COMT,3BWY,DNC,14,196.1,file,15,-3.77 -12.17 -17.95,20.00 22.88 21.14,csv_top5_match,1,
GENE_CRBN,CRBN,7BQV,F4U,20,264.2,file,13,-28.80 -18.10 -8.52,20.57 21.13 25.11,csv_top5_match,4,
GENE_CREBBP,CREBBP,5I86,69A,23,290.2,file,15,-53.85 1.79 -10.96,25.55 22.89 21.25,csv_top5_match,1,
GENE_CRHR1,CRHR1,8GTG,CW9,59,494.4,file,30,22.01 6.64 4.89,24.35 26.19 28.39,csv_top5_match,3,
GENE_CSNK1A1,CSNK1A1,6GZD,LCI,25,319.2,file,21,-5.06 -18.43 -8.77,22.86 22.57 23.36,csv_top5_match,1,
GENE_CSNK1E,CSNK1E,4HNI,16W,25,341.7,file,22,-26.10 -14.88 -29.34,24.09 25.59 23.30,csv_top5_match,1,
GENE_CSNK1D,CSNK1D,6RCG,K0E,35,461.3,file,23,-9.29 59.78 21.93,25.20 23.27 28.02,csv_top5_match,1,
GENE_CTH,CTH,5TSU,LPI,24,359.2,file,27,111.54 33.18 192.07,26.07 21.37 24.49,csv_top5_match,3,
GENE_CSNK2A1,CSNK2A1,8AEC,LW3,14,265.5,file,18,-106.80 -175.79 312.84,21.34 20.85 22.65,csv_top5_match,2,
GENE_CTNNB1,CTNNB1,7AFW,R9Q,21,264.2,file,12,59.87 -40.45 18.01,24.73 20.85 21.71,csv_top5_match,1,
GENE_CTSA,CTSA,4CIB,7UZ,14,184.1,file,18,-32.64 10.38 15.91,20.78 23.06 20.00,csv_top5_match,1,
GENE_CTSB,CTSB,3AI8,HNQ,14,184.1,file,16,-6.52 -7.59 2.17,20.00 21.23 20.70,csv_ranked_only,9,
GENE_CYP11B1,CYP11B1,6M7X,JD7,30,223.3,file,22,51.62 -45.36 -4.86,20.69 21.60 25.32,csv_top5_match,2,
GENE_CXCR4,CXCR4,3ODU,ITD,27,372.4,file,20,20.61 -7.97 71.07,24.25 21.87 25.63,csv_top5_match,1,
GENE_CTSS,CTSS,3OVX,O64,19,282.6,file,22,28.52 36.22 21.52,20.00 25.39 22.83,csv_top5_match,3,
GENE_CTSC,CTSC,6RNI,KAQ,28,368.3,file,13,-27.30 -12.45 -36.30,26.41 27.23 25.05,csv_top5_match,3,
GENE_CYP11B2,CYP11B2,4DVQ,1CA,24,300.2,file,22,-31.68 20.89 -18.66,22.87 25.95 22.27,csv_top5_match,1,
GENE_CYP1A2,CYP1A2,2HI4,BHF,21,260.2,file,22,2.49 17.83 20.16,23.88 22.60 20.88,csv_top5_match,1,
GENE_CYP1B1,CYP1B1,3PM0,BHF,21,260.2,file,21,-18.34 21.50 -19.82,21.97 25.30 20.00,csv_top5_match,1,
GENE_CYP17A1,CYP17A1,6WR1,AER,57,349.5,file,27,27.02 6.65 -57.76,25.33 20.92 27.39,csv_top5_match,1,
GENE_CYP21A2,CYP21A2,4Y8W,STR,23,284.2,file,21,-9.45 9.05 30.96,27.67 21.40 20.00,csv_top5_match,1,
GENE_CYP2C8,CYP2C8,2NNJ,225,25,365.1,file,19,48.76 15.28 -24.28,21.73 24.24 23.77,csv_top5_match,1,
GENE_CYP3A5,CYP3A5,7LAD,XRD,32,434.7,file,21,16.11 16.90 13.88,24.99 23.44 24.11,csv_top5_match,4,
GENE_CYSLTR1,CYSLTR1,6RZ5,ZLK,41,542.4,file,27,12.84 8.13 -13.66,27.16 25.12 31.39,csv_top5_match,1,
GENE_CYP2B6,CYP2B6,5WBG,CM5,34,452.2,file,9,-15.64 -29.42 -29.77,25.92 31.78 21.73,csv_ranked_only,13,
GENE_CYP2D6,CYP2D6,4XRZ,SI6,24,334.3,file,20,-20.66 28.03 -63.20,23.26 20.72 25.58,csv_ranked_only,6,
GENE_CYP3A4,CYP3A4,4D6Z,PK9,23,294.2,file,18,17.16 31.34 -10.78,21.79 22.48 24.07,csv_top5_match,4,
GENE_DDR2,DDR2,7AYM,4VD,51,417.4,file,30,2.07 -9.50 -11.75,22.80 30.02 29.56,csv_top5_match,1,
GENE_DHFR,DHFR,1KMS,LIH,25,314.2,file,21,11.64 23.62 34.18,26.16 20.00 24.23,csv_top5_match,2,
GENE_DDB1,DDB1,9FJX,LVY,19,246.2,file,14,8.92 -55.40 3.54,20.00 25.52 21.03,csv_top5_match,4,
GENE_DNM1L,DNM1L,3W6N,GNH,28,426.1,file,29,-13.55 6.47 -26.45,24.80 22.90 27.16,csv_top5_match,3,
GENE_DNMT1,DNMT1,6X9J,X52,32,444.4,file,4,-41.06 -10.71 26.99,28.72 25.96 25.64,csv_top5_match,1,
GENE_DHODH,DHODH,4OQV,2V6,27,390.2,file,25,5.35 -35.83 -3.08,25.57 26.18 23.03,csv_top5_match,1,
GENE_DOT1L,DOT1L,3UWP,5ID,20,379.0,file,19,18.21 62.70 -9.51,24.67 21.70 21.46,csv_top5_match,2,
GENE_DRD2,DRD2,6CM4,8NU,30,383.3,file,25,9.93 5.85 -9.58,22.76 25.71 30.82,csv_top5_match,1,
GENE_DRD3,DRD3,3PBL,ETQ,23,315.6,file,24,0.09 -14.83 10.43,20.80 25.60 22.78,csv_top5_match,1,
GENE_DPP4,DPP4,4N8D,2KS,24,294.2,file,19,17.25 30.94 53.91,20.64 31.43 21.15,csv_top5_match,2,
GENE_DRD4,DRD4,5WIV,AQD,27,361.7,file,27,-17.40 15.22 -16.45,26.83 23.96 24.90,csv_top5_match,2,
GENE_DPP9,DPP9,7SVL,D06,24,298.2,file,19,-81.92 -27.40 58.02,26.03 25.16 22.36,csv_top5_match,4,
GENE_DYRK1B,DYRK1B,8C2Z,QS0,32,402.3,file,23,-19.44 -26.67 1.51,28.45 24.34 24.40,csv_top5_match,1,
GENE_DYRK1A,DYRK1A,6S14,KQW,34,266.3,file,18,17.42 -54.97 37.32,24.19 23.91 23.54,csv_top5_match,1,
GENE_ECE1,ECE1,3DWB,RDF,37,509.2,file,18,84.00 31.11 41.81,23.11 27.38 25.33,csv_top5_match,1,
GENE_EDNRB,EDNRB,5XPR,K86,39,522.4,file,26,-31.63 4.99 11.04,23.27 27.16 26.92,csv_ranked_only,6,
GENE_EGLN2,EGLN2,5V1B,8UY,17,212.2,file,16,14.10 24.99 -2.43,20.74 20.00 25.12,csv_top5_match,1,
GENE_EED,EED,5U69,LQD,27,334.3,file,19,-15.68 -25.05 23.67,24.73 21.69 24.12,csv_top5_match,1,
GENE_EGLN1,EGLN1,6QGV,J2H,66,504.6,file,23,20.93 -0.43 33.59,30.06 25.21 29.46,csv_top5_match,5,
GENE_EIF2AK2,EIF2AK2,8QEL,UH3,20,256.2,file,19,-45.43 13.34 19.47,20.00 21.26 26.20,csv_top5_match,2,
GENE_EIF2AK4,EIF2AK4,7QWK,G41,34,424.3,file,25,6.84 13.54 -62.55,28.81 29.26 20.35,csv_top5_match,1,
GENE_EIF2AK3,EIF2AK3,4G31,0WH,33,431.3,file,26,-48.26 11.51 3.02,21.53 21.94 31.11,csv_top5_match,4,
GENE_EHMT1,EHMT1,5VSF,9HG,29,366.3,file,18,21.86 -13.20 -3.38,21.82 27.50 25.99,csv_ranked_only,6,
GENE_ELOB,ELOB,9GIO,3JF,33,440.3,file,17,25.25 13.35 40.93,22.19 21.55 31.63,csv_top5_match,2,
GENE_ELOC,ELOC,8BDM,QE9,39,520.4,file,17,40.08 76.85 3.05,25.01 24.42 31.17,csv_ranked_only,19,
GENE_ENPP2,ENPP2,5MHP,7NB,42,555.4,file,27,100.03 2.68 28.71,25.85 26.70 30.11,csv_top5_match,4,
GENE_EP300,EP300,3T92,TCE,16,235.1,file,6,14.34 12.60 5.96,20.48 22.73 23.88,csv_top5_match,2,
GENE_EPAS1,EPAS1,4GHI,0X3,27,308.7,file,24,13.10 -41.76 10.19,26.04 20.77 21.96,csv_top5_match,5,
GENE_EPHA2,EPHA2,6FNG,DWT,37,483.3,file,29,-103.74 -16.32 49.19,28.84 25.57 26.85,csv_top5_match,3,
GENE_EPHB4,EPHB4,6FNK,DXK,17,216.2,file,18,10.06 8.13 11.57,23.89 21.70 20.00,csv_top5_match,1,
GENE_EPHX2,EPHX2,4X6X,S74,36,452.3,file,29,-2.98 4.39 33.44,21.62 28.23 32.98,csv_ranked_only,11,
GENE_ERBB4,ERBB4,3BBT,FMM,27,364.7,file,25,-37.02 50.69 14.95,30.96 22.46 20.12,csv_top5_match,4,
GENE_ERAP1,ERAP1,6Q4R,HJ5,63,456.5,file,27,-619.38 378.47 456.47,27.43 25.44 26.74,csv_ranked_only,9,
GENE_ERAP2,ERAP2,5J6S,6GA,23,299.2,file,18,90.75 1.68 65.64,24.90 24.86 20.00,csv_ranked_only,6,
GENE_ERN1,ERN1,6W3K,SJS,31,406.3,file,25,-28.37 21.30 -13.70,27.03 20.00 25.42,csv_top5_match,3,
GENE_ESR1,ESR1,8BZC,SG0,36,279.4,file,9,18.31 19.84 -6.82,23.56 26.81 21.43,csv_top5_match,2,
GENE_ESR2,ESR2,3OLL,EST,20,248.2,file,20,-11.48 36.50 11.91,25.69 21.59 20.05,csv_top5_match,1,
GENE_ESRRB,ESRRB,6LIT,2OH,17,212.2,file,20,8.47 3.01 -3.43,22.49 20.79 22.22,csv_top5_match,1,
GENE_ESRRG,ESRRG,6Y18,O68,14,201.2,file,2,-17.29 -20.57 2.18,23.09 20.00 20.32,csv_top5_match,1,too_few_pocket_contacts(2)
GENE_EZH2,EZH2,5U5T,7W7,19,242.2,file,15,28.87 72.73 94.30,22.32 20.15 23.97,csv_top5_match,1,
GENE_F10,F10,2JKH,BI7,31,435.8,file,25,-3.92 10.59 23.15,22.30 25.99 27.12,csv_top5_match,2,
GENE_F12,F12,6X0T,UJ7,44,570.5,file,27,1.38 -3.69 11.43,27.16 26.44 26.66,csv_top5_match,1,
GENE_F2R,F2R,3VW7,VPX,36,459.3,file,25,-6.33 -8.90 58.98,34.95 23.34 26.80,csv_top5_match,3,
GENE_F2,F2,4UDW,N6L,28,397.2,file,22,129.60 -15.03 164.81,26.60 23.75 21.55,csv_top5_match,5,
GENE_F3,F3,2FLB,6NH,24,304.2,file,23,9.88 7.34 51.16,24.29 22.99 26.70,csv_ranked_only,11,
GENE_FCGRT,FCGRT,6C98,ER7,20,259.2,file,9,17.15 11.38 21.61,23.12 20.07 23.19,csv_top5_match,1,
GENE_FBP1,FBP1,7WJV,LSA,12,178.1,file,8,-14.55 -12.46 52.66,20.35 20.42 20.00,csv_top5_match,1,mw_below_floor(178Da)
GENE_F9,F9,5TNT,7GQ,54,499.4,file,29,-14.49 -38.22 -10.78,23.01 30.67 25.54,csv_top5_match,3,
GENE_F7,F7,5PAV,7ZM,22,282.2,file,22,8.62 37.81 24.24,20.00 23.75 27.01,csv_top5_match,5,
GENE_FGR,FGR,7UY0,VSE,36,448.4,file,24,37.45 -0.55 -12.81,25.22 22.27 33.35,csv_top5_match,2,
GENE_FDFT1,FDFT1,3V66,D3A,38,507.8,file,30,17.66 -1.26 56.75,24.92 24.21 29.55,csv_top5_match,3,
GENE_FDPS,FDPS,4NUA,RIS,17,272.0,file,19,15.02 32.93 -8.24,20.00 23.94 20.19,csv_top5_match,2,
GENE_FKBP1A,FKBP1A,8CHL,USV,54,480.4,file,15,-14.31 -29.88 -8.91,24.77 22.53 26.18,csv_ranked_only,9,
GENE_FKBP4,FKBP4,4TW8,37M,71,908.6,file,22,6.80 -20.65 55.53,28.05 26.23 32.18,csv_top5_match,5,
GENE_FLT1,FLT1,1RV6,B3P,19,256.1,file,4,42.04 26.43 7.06,21.43 27.63 20.00,csv_top5_match,2,
GENE_FNTA,FNTA,2IEJ,S48,38,504.4,file,17,16.72 135.50 -0.58,26.66 26.36 24.93,csv_ranked_only,6,
GENE_FOLH1,FOLH1,6FE5,D6E,21,284.1,file,30,18.17 45.80 42.67,26.08 20.98 23.19,csv_top5_match,4,
GENE_FTO,FTO,4IE5,MD6,14,188.1,file,21,31.28 -7.48 -23.63,22.27 20.08 21.80,csv_top5_match,1,
GENE_FYN,FYN,10DJ,H8H,70,542.0,file,33,-10.58 14.93 -8.56,25.75 25.73 31.87,csv_top5_match,3,
GENE_G6PD,G6PD,5UKW,BG6,16,247.0,file,15,28.52 17.97 28.36,23.40 21.37 22.82,csv_ranked_only,6,
GENE_GABRA1,GABRA1,6CDU,EY4,24,300.2,file,7,-44.02 51.01 41.84,21.86 22.58 24.99,csv_top5_match,1,
GENE_GABRA5,GABRA5,8BGI,P9N,57,318.5,file,6,2.48 -11.05 43.39,26.70 22.70 22.14,csv_top5_match,2,
GENE_GAA,GAA,5NN6,MIG,14,190.1,file,19,-14.35 -32.05 95.75,21.96 20.61 20.31,csv_ranked_only,13,
GENE_GABRB3,GABRB3,5O8F,P9N,23,284.2,file,6,74.20 312.33 408.10,21.08 20.00 26.06,csv_top5_match,2,
GENE_GABRG2,GABRG2,8BHG,DMU,59,411.4,file,9,22.66 10.22 270.08,24.57 20.95 29.82,csv_top5_match,1,
GENE_GALK1,GALK1,6ZGX,HFK,26,328.2,file,20,20.94 -17.64 -27.78,26.15 20.00 23.89,csv_top5_match,1,
GENE_GART,GART,4ZZ0,3YE,30,394.2,file,20,-21.75 17.37 -31.61,24.52 23.55 29.07,csv_top5_match,5,
GENE_GCGR,GCGR,5EE7,5MV,41,561.3,file,17,-30.40 1.77 -36.73,28.98 27.61 28.99,csv_top5_match,1,
GENE_GHSR,GHSR,6KO5,8QX,31,463.2,file,28,9.75 -19.28 14.61,24.24 27.14 21.40,csv_top5_match,2,
GENE_GBA1,GBA1,6Q6N,HK2,18,238.1,file,19,-43.34 -41.40 6.64,25.41 20.00 20.48,csv_ranked_only,14,
GENE_GLP1R,GLP1R,3C5T,10M,33,456.3,file,6,-31.42 30.71 5.10,32.36 25.68 22.50,csv_top5_match,3,
GENE_GLS,GLS,8BSL,R90,27,384.4,file,5,18.48 -8.16 44.11,26.54 26.57 24.03,csv_ranked_only,8,
GENE_GNRHR,GNRHR,7BR3,F5O,45,601.4,file,32,-27.52 19.23 -9.84,26.14 28.70 23.44,csv_top5_match,1,
GENE_GOT1,GOT1,6LIG,EE6,32,404.3,file,24,-30.32 3.82 -37.39,23.99 21.70 26.04,csv_top5_match,4,
GENE_GRB2,GRB2,2HUW,YVN,36,497.2,file,20,13.05 57.57 8.61,27.24 25.56 23.91,csv_top5_match,4,
GENE_GRIA2,GRIA2,5ZG2,ZK1,27,394.1,file,21,-8.44 2.30 -24.97,24.82 21.38 24.89,csv_top5_match,1,
GENE_GRIN1,GRIN1,5H8Q,5YE,24,325.3,file,12,14.66 -14.25 -25.73,24.03 23.19 24.29,csv_top5_match,4,
GENE_GRIN2B,GRIN2B,7UJQ,UZD,23,306.2,file,17,2.73 -22.76 -14.89,24.77 24.42 20.09,csv_top5_match,2,
GENE_GRIN2A,GRIN2A,5H8Q,5YE,24,325.3,file,12,14.66 -14.25 -25.73,24.03 23.19 24.29,csv_top5_match,2,
GENE_GRK6,GRK6,3NYN,SGV,22,294.2,file,20,-73.69 16.26 22.08,21.50 23.26 22.51,csv_top5_match,2,
GENE_GRK5,GRK5,6PJX,SGV,22,294.2,file,20,0.69 14.97 -15.21,23.10 22.25 23.95,csv_top5_match,2,
GENE_GRM1,GRM1,3KS9,Z99,26,334.2,file,18,-46.20 11.55 35.09,25.05 22.10 22.74,csv_top5_match,1,
GENE_GRM3,GRM3,3SM9,Z99,26,334.2,file,24,39.38 27.75 -31.06,22.63 23.12 23.98,csv_top5_match,1,
GENE_GSK3A,GSK3A,7SXF,6VL,24,298.2,file,18,-16.33 -12.86 13.89,22.23 21.88 22.49,csv_top5_match,1,
GENE_GRM7,GRM7,3MQ4,Z99,26,334.2,file,16,-18.74 -40.51 -22.90,23.59 24.73 23.51,csv_top5_match,2,
GENE_GRM5,GRM5,6FFI,D8B,17,210.2,file,20,-24.14 -5.29 42.63,20.00 24.95 24.36,csv_top5_match,1,
GENE_GSR,GSR,2GH5,ELI,21,268.2,file,17,82.98 18.25 55.53,22.35 25.76 21.09,csv_ranked_only,8,
GENE_HAO1,HAO1,6GMC,C7C,16,267.7,file,19,4.68 33.30 -49.47,20.00 25.24 22.11,csv_top5_match,1,
GENE_HCK,HCK,5ZJ6,VSE,36,448.4,file,24,55.65 39.88 94.75,30.11 24.94 28.45,csv_top5_match,2,
GENE_GSTP1,GSTP1,5J41,3LF,17,224.1,file,12,-2.41 4.23 94.51,23.16 20.57 22.34,csv_top5_match,1,
GENE_HDAC3,HDAC3,4A69,I0P,28,483.9,file,4,21.65 50.61 22.81,21.27 22.51 26.15,csv_top5_match,1,
GENE_HDAC1,HDAC1,5ICN,IHP,36,641.9,file,6,-48.16 34.82 -5.49,25.07 22.83 24.32,csv_top5_match,1,
GENE_HCRTR1,HCRTR1,6V9S,JHC,35,463.8,file,28,-7.67 0.13 -54.69,24.79 25.05 22.73,csv_ranked_only,14,
GENE_HCRTR2,HCRTR2,6TPN,NU8,33,465.3,file,28,94.58 224.63 2.56,25.52 26.21 22.91,csv_top5_match,4,
GENE_HDAC7,HDAC7,3C10,TSN,22,280.2,file,18,-4.23 -7.27 11.27,23.77 25.36 26.38,csv_top5_match,1,
GENE_HDAC4,HDAC4,2VQQ,TFG,29,407.3,file,18,-17.83 6.69 -11.29,23.95 30.16 20.30,csv_top5_match,2,
GENE_HDAC8,HDAC8,7JVU,SHH,19,244.2,file,17,18.46 32.02 18.60,20.00 27.73 23.15,csv_top5_match,2,
GENE_HIF1A,HIF1A,3HQU,UN9,19,271.6,file,22,-37.00 25.41 -3.95,24.76 23.69 20.00,csv_ranked_only,10,
GENE_HK1,HK1,4FPB,0WK,15,231.0,file,25,1.10 -16.91 61.14,23.76 20.00 20.43,csv_ranked_only,10,
GENE_HNF4A,HNF4A,6CHT,DAO,14,176.1,file,24,-36.50 -23.79 -12.37,20.31 27.84 20.00,csv_ranked_only,6,mw_below_floor(176Da)
GENE_HMGCR,HMGCR,2R4F,RIE,38,489.3,file,13,78.03 9.09 -4.92,25.83 26.81 27.19,csv_top5_match,1,
GENE_HLA-DRB1,HLA-DRB1,8PJE,,,,unavailable,,,,no_ligand_recorded,,no_reference_ligand_recorded
GENE_HLA-A,HLA-A,2P5E,,,,unavailable,,,,no_ligand_recorded,,no_reference_ligand_recorded
GENE_HPGD,HPGD,9PFM,SWL,28,410.4,file,26,28.84 -15.59 7.22,29.23 22.59 24.82,csv_top5_match,3,
GENE_HRH3,HRH3,7F61,CLR,28,340.3,file,14,-6.83 47.56 -3.46,21.96 29.92 24.68,csv_top5_match,1,
GENE_HRH1,HRH1,3RZE,OLC,15,196.1,file,7,56.67 36.72 76.85,26.78 22.15 21.90,csv_top5_match,1,
GENE_HSD17B13,HSD17B13,8G9V,CE1,95,538.8,file,28,23.68 -1.39 27.74,44.11 29.27 30.83,csv_top5_match,1,
GENE_HSD11B1,HSD11B1,2RBE,ZMG,17,239.2,file,18,38.98 0.54 155.52,22.01 20.77 23.16,csv_top5_match,4,
GENE_HSP90AB1,HSP90AB1,6N8Y,KFY,27,346.2,file,20,-3.63 -11.21 -23.40,26.25 24.71 20.40,csv_top5_match,2,
GENE_HSPA1A,HSPA1A,5AQW,5P7,20,258.2,file,17,-18.14 -15.11 7.50,20.83 21.89 25.32,csv_top5_match,3,
GENE_HTR1B,HTR1B,5V54,89F,24,332.4,file,23,-31.49 -5.38 36.93,25.04 21.46 25.12,csv_top5_match,4,
GENE_HSPA8,HSPA8,5AQV,KC7,28,358.2,file,18,-22.25 1.45 27.30,24.42 23.30 21.62,csv_top5_match,1,
GENE_HTR2C,HTR2C,6BQH,E2J,34,452.4,file,28,38.90 31.07 56.76,20.70 29.17 30.22,csv_top5_match,1,
GENE_HTR2A,HTR2A,7WC6,CLR,28,340.3,file,14,-40.67 -21.54 143.77,20.19 20.20 33.33,csv_top5_match,4,
GENE_HTR2B,HTR2B,6DRY,CLR,28,340.3,file,13,-8.79 -29.11 -8.46,20.00 20.24 32.27,csv_top5_match,4,
GENE_HTRA1,HTRA1,3TJQ,,,,unavailable,,,,no_ligand_recorded,,no_reference_ligand_recorded
GENE_ICAM1,ICAM1,5MZA,IHP,42,647.9,file,6,3.90 4.91 -12.60,25.37 23.42 24.81,csv_top5_match,3,
GENE_IDH2,IDH2,4JA8,1K9,32,463.4,file,13,-1.20 -14.91 28.40,23.24 26.48 25.86,csv_top5_match,2,
GENE_IL1B,IL1B,5R8Q,JGY,15,194.1,file,11,39.67 1.87 74.23,20.00 24.48 21.30,csv_top5_match,1,
GENE_IL2,IL2,4NEM,2JY,18,279.0,file,7,-14.83 7.65 18.22,20.00 23.64 23.21,csv_top5_match,2,
GENE_IMPDH2,IMPDH2,6I0M,5GP,35,360.2,file,24,159.88 270.19 389.65,23.97 27.18 21.21,csv_top5_match,1,
GENE_IRAK1,IRAK1,6BFN,DL1,28,358.3,file,21,-20.67 13.77 6.99,22.22 29.15 21.48,csv_top5_match,1,
GENE_INCENP,INCENP,4AF3,VX6,33,436.4,file,19,20.83 -22.13 -10.39,28.45 21.37 27.23,csv_top5_match,3,
GENE_INPPL1,INPPL1,5OKM,B3P,19,256.1,file,10,-9.95 50.46 20.35,20.00 25.00 24.93,csv_top5_match,2,
GENE_INSR,INSR,5HHW,60O,33,414.3,file,30,-9.21 -22.67 17.17,25.43 22.93 30.45,csv_top5_match,1,
GENE_IRAK4,IRAK4,6EGE,DL1,49,379.4,file,27,1.87 -15.32 -61.41,29.53 20.00 26.68,csv_top5_match,1,
GENE_ITGAL,ITGAL,2ICA,2IC,37,535.3,file,24,-10.19 2.22 26.73,26.55 30.42 25.22,csv_top5_match,1,
GENE_ITGAV,ITGAV,6MK0,JUY,35,466.4,file,15,20.52 42.65 41.98,30.29 31.50 22.15,csv_ranked_only,14,
GENE_JUN,JUN,8SOS,FO4,56,719.5,file,51,69.80 9.17 -23.48,29.08 37.61 34.64,csv_top5_match,2,
GENE_ITGB3,ITGB3,7UDH,MWO,22,284.2,file,12,53.12 109.25 73.17,21.73 29.27 22.19,csv_top5_match,1,
GENE_ITK,ITK,4PQN,2W6,31,388.3,file,19,-15.13 18.35 29.11,20.71 32.16 23.89,csv_ranked_only,10,
GENE_KAT5,KAT5,2OU2,ACO,51,771.3,file,34,27.46 24.07 10.28,34.30 26.26 24.64,csv_top5_match,1,
GENE_KAT6A,KAT6A,2RC4,ACO,51,771.3,file,33,27.18 23.58 11.66,35.99 24.79 25.33,csv_top5_match,5,
GENE_KARS1,KARS1,6ILD,45A,23,329.1,file,17,-10.49 5.13 46.50,21.57 23.44 25.49,csv_top5_match,1,
GENE_KCNK3,KCNK3,6RV4,PC1,38,472.4,file,4,-23.32 -44.97 13.04,20.39 28.70 37.12,csv_top5_match,3,
GENE_KAT8,KAT8,6OIO,ML7,25,336.3,file,25,5.23 11.50 18.68,23.91 26.01 25.12,csv_top5_match,5,
GENE_KDM4B,KDM4B,9H44,O4B,18,240.1,file,7,29.49 0.50 168.26,23.60 22.05 20.00,csv_top5_match,1,
GENE_KCNK9,KCNK9,3SMO,FJA,25,316.2,file,15,-18.19 -19.92 0.49,24.84 22.59 22.89,csv_top5_match,4,
GENE_KDM1A,KDM1A,6KGO,DJ0,20,262.2,file,14,33.35 52.17 -12.54,21.80 22.59 22.68,csv_top5_match,1,
GENE_KDM5C,KDM5C,5FWJ,MMK,22,284.2,file,21,20.27 62.11 -4.71,22.57 22.54 25.28,csv_top5_match,1,
GENE_KDM6B,KDM6B,2XXZ,8XQ,14,182.1,file,13,45.68 44.84 4.44,22.07 20.00 21.00,csv_top5_match,1,
GENE_KDM5A,KDM5A,6BH2,90V,21,268.2,file,24,-22.53 19.85 5.32,23.72 20.77 26.49,csv_top5_match,4,
GENE_KDM5B,KDM5B,5FYT,WQS,15,201.1,file,17,85.78 64.09 13.14,20.19 21.73 20.91,csv_top5_match,3,
GENE_KHK,KHK,8UG1,WNH,27,361.2,file,21,-5.67 0.81 48.96,25.56 23.01 25.03,csv_top5_match,4,
GENE_KEAP1,KEAP1,8IXS,T6I,28,357.3,file,18,14.91 63.93 28.20,26.16 21.45 24.89,csv_top5_match,5,
GENE_KIF11,KIF11,6G6Y,EOK,19,262.2,file,20,10.99 17.74 1.33,22.39 20.00 24.86,csv_top5_match,3,
GENE_KLKB1,KLKB1,5TJX,GBT,72,527.6,file,32,-11.27 -2.37 -15.77,25.17 25.93 30.30,csv_top5_match,3,
GENE_L3MBTL3,L3MBTL3,4L59,1VZ,24,294.3,file,9,27.02 148.26 11.19,20.10 25.19 27.50,csv_top5_match,2,
GENE_KRAS,KRAS,8ONV,VU6,61,462.6,file,25,21.34 0.14 5.57,30.73 22.66 23.28,csv_top5_match,3,
GENE_KMT2A,KMT2A,6U9N,Q34,72,561.0,file,23,236.94 170.26 225.08,25.41 25.22 30.52,csv_ranked_only,7,
GENE_LDHB,LDHB,8QDE,NAI,71,663.4,file,40,-9.40 126.28 220.95,24.85 31.79 32.08,csv_ranked_only,6,
GENE_LPAR1,LPAR1,4Z34,ON7,38,486.3,file,33,-3.41 -26.25 50.82,27.26 26.37 25.87,csv_top5_match,3,
GENE_LDHA,LDHA,5W8I,9YD,22,316.2,file,16,41.71 19.22 47.71,25.74 26.48 20.00,csv_ranked_only,9,
GENE_LDLR,LDLR,1N7D,KEG,53,814.9,file,8,21.84 68.70 14.54,26.19 25.18 24.65,csv_top5_match,4,
GENE_LRRK2,LRRK2,9C76,A1A,76,623.1,file,14,-3.22 6.70 -3.32,32.32 25.80 25.38,csv_top5_match,5,
GENE_LSS,LSS,1W6K,LAN,31,376.3,file,31,29.64 69.66 8.94,25.59 25.55 27.56,csv_top5_match,1,
GENE_LYN,LYN,5XY1,8H0,30,376.3,file,26,-17.92 12.61 -19.70,22.30 23.81 28.39,csv_top5_match,2,
GENE_MALT1,MALT1,7PAV,6IO,28,390.2,file,25,57.05 4.79 99.60,20.77 29.19 23.11,csv_top5_match,3,
GENE_MAOB,MAOB,1S3E,RHP,14,174.1,file,18,52.66 154.56 26.27,20.00 21.19 23.20,csv_top5_match,3,mw_below_floor(174Da)
GENE_MAP1LC3B,MAP1LC3B,7GAG,LJA,14,182.1,file,4,11.14 -40.34 -13.58,23.41 20.00 21.29,csv_top5_match,1,
GENE_MAP2K2,MAP2K2,1S9I,5EA,31,526.2,file,30,36.76 97.59 51.98,30.91 20.73 25.04,csv_top5_match,2,
GENE_MAP2K4,MAP2K4,8YP5,1FM,26,340.2,file,24,-22.79 -12.16 10.31,24.40 23.76 22.06,csv_top5_match,2,
GENE_MAP3K20,MAP3K20,5X5O,7Z0,32,506.2,file,30,10.62 3.11 10.13,24.94 22.68 32.28,csv_top5_match,1,
GENE_MAP2K1,MAP2K1,7B7R,T1K,20,252.2,file,20,-28.04 -12.97 13.31,22.18 21.41 22.75,csv_top5_match,1,
GENE_MAP3K14,MAP3K14,4IDT,T28,32,328.2,file,24,97.33 46.56 120.01,21.97 25.21 23.08,csv_top5_match,2,
GENE_MAP2K7,MAP2K7,6YZ4,1E8,33,416.3,file,19,-6.71 36.55 -0.63,25.66 26.22 25.32,csv_top5_match,1,
GENE_MAP3K8,MAP3K8,4Y85,499,24,304.2,file,26,13.34 1.18 197.65,21.14 22.55 26.02,csv_top5_match,1,
GENE_MAP3K7,MAP3K7,5JGA,6KC,34,450.4,file,21,-16.08 -48.52 -16.46,32.78 22.02 21.91,csv_top5_match,3,
GENE_MAP4K4,MAP4K4,4OBO,2QV,18,245.6,file,17,-16.85 -6.32 30.36,22.61 22.89 21.58,csv_top5_match,1,
GENE_MAPK1,MAPK1,8AOJ,N8L,40,283.4,file,20,9.14 10.33 43.26,25.89 21.90 23.11,csv_top5_match,1,
GENE_MAPK10,MAPK10,4WHZ,3NL,58,491.0,file,24,4.33 101.90 141.34,25.21 35.48 24.54,csv_top5_match,5,
GENE_MAPK11,MAPK11,3GP0,NIL,39,507.4,file,31,19.44 60.81 23.39,27.34 31.93 25.20,csv_top5_match,1,
GENE_MAPK3,MAPK3,2ZOQ,5ID,20,379.0,file,22,29.01 7.19 18.25,21.73 20.98 24.05,csv_top5_match,3,
GENE_MAPK14,MAPK14,3LFF,Z83,28,378.3,file,20,18.07 -6.47 -16.50,24.42 23.84 27.76,csv_top5_match,1,
GENE_MAPT,MAPT,9GG8,TW8,20,272.2,file,10,16.57 20.51 0.73,23.15 20.45 22.06,csv_top5_match,1,
GENE_MARK3,MARK3,8UOJ,X5I,28,354.3,file,22,-14.66 -31.84 -19.40,24.61 20.75 25.04,csv_top5_match,1,
GENE_MARK4,MARK4,5ES1,5RC,32,453.3,file,28,-44.65 -22.88 -3.98,26.81 22.25 25.47,csv_top5_match,1,
GENE_MARS1,MARS1,4BVX,I3C,16,554.8,file,5,28.48 30.58 48.25,22.16 20.02 22.96,csv_top5_match,1,
GENE_MDH2,MDH2,4WLO,NAI,44,636.2,file,36,16.55 -1.75 -20.73,26.64 26.61 32.88,csv_top5_match,5,
GENE_MDM4,MDM4,6Q9Y,HRQ,26,326.2,file,16,-5.74 9.97 -14.48,29.87 24.61 21.35,csv_top5_match,1,
GENE_MERTK,MERTK,7AAX,R6H,41,534.3,file,31,-20.69 -33.74 -13.42,22.89 30.80 32.71,csv_top5_match,1,
GENE_MEN1,MEN1,4GQ4,0RT,27,395.3,file,17,-11.38 11.12 12.10,26.24 27.45 20.00,csv_top5_match,2,
GENE_MGAT2,MGAT2,5VCM,UDP,25,390.0,file,17,2.38 -27.74 -35.51,21.68 25.52 24.34,csv_top5_match,1,
GENE_METAP2,METAP2,5D6E,94A,27,348.2,file,24,27.46 19.65 18.94,23.88 24.82 25.64,csv_top5_match,1,
GENE_MIF,MIF,6B1K,C9G,24,306.2,file,12,-18.68 -16.88 17.51,20.19 30.11 21.93,csv_top5_match,3,
GENE_MGAM,MGAM,3L4U,DSK,22,320.2,file,24,-2.29 -19.39 -21.35,21.74 27.64 22.45,csv_top5_match,2,
GENE_MLYCD,MLYCD,4F0X,0OR,23,358.1,file,23,-45.43 56.52 71.78,24.73 23.34 25.75,csv_top5_match,1,
GENE_MLLT1,MLLT1,8PJI,ZJF,20,254.2,file,15,14.72 -2.00 -15.99,20.00 26.54 24.14,csv_top5_match,1,
GENE_MMP10,MMP10,1Q3A,NGH,21,296.2,file,19,25.30 -10.35 24.28,23.53 23.31 21.88,csv_top5_match,1,
GENE_MMP1,MMP1,966C,RS2,48,391.4,file,22,9.97 -10.26 37.68,26.37 24.42 24.81,csv_top5_match,2,
GENE_MME,MME,1Y8J,STS,19,254.2,file,21,-22.72 48.40 16.21,20.70 23.47 22.46,csv_ranked_only,9,
GENE_MMP7,MMP7,1MMQ,RRS,33,420.3,file,17,49.56 -37.33 46.51,21.43 24.52 27.70,csv_top5_match,3,
GENE_MMP3,MMP3,4G9L,NGH,21,296.2,file,17,21.36 68.88 106.08,22.59 22.39 25.17,csv_ranked_only,7,
GENE_MMP8,MMP8,1I76,BSI,28,374.3,file,21,27.47 57.51 50.80,21.98 24.63 26.22,csv_top5_match,1,
GENE_MT-CO2,MT-CO2,3VRJ,1KX,21,268.2,file,23,14.30 -11.31 42.97,23.59 24.45 20.00,csv_top5_match,1,
GENE_MMP9,MMP9,6ESM,B9Z,30,400.3,file,23,1.78 50.98 19.67,22.15 28.02 28.93,csv_top5_match,1,
GENE_MTNR1A,MTNR1A,6ME2,JEV,19,238.2,file,22,25.33 -22.90 47.50,22.84 25.05 20.00,csv_top5_match,1,
GENE_MTNR1B,MTNR1B,6ME8,JEY,23,288.2,file,26,41.61 -35.79 96.07,25.05 20.18 25.77,csv_top5_match,2,
GENE_MPO,MPO,4DL1,0KY,17,240.2,file,11,-0.42 -11.34 46.65,20.23 20.35 24.85,csv_ranked_only,11,
GENE_MTTP,MTTP,6I7S,PE5,27,360.2,file,26,7.52 15.80 83.84,24.90 32.69 29.28,csv_top5_match,1,
GENE_NAE1,NAE1,3GZN,,,,unavailable,,,,no_ligand_recorded,,no_reference_ligand_recorded
GENE_NEK1,NEK1,4B9D,CK7,23,316.3,file,20,7.74 10.65 -28.25,25.01 21.25 22.74,csv_top5_match,1,
GENE_NOD1,NOD1,4E9M,,,,unavailable,,,,no_ligand_recorded,,no_reference_ligand_recorded
GENE_NFKB1,NFKB1,8TQD,JMR,20,365.6,file,7,7.45 -14.22 -13.21,22.99 23.32 22.20,csv_top5_match,1,
GENE_NCOR2,NCOR2,4A69,I0P,28,483.9,file,4,21.65 50.61 22.81,21.27 22.51 26.15,csv_ranked_only,8,
GENE_NPM1,NPM1,7OBH,FSC,104,680.8,file,21,17.62 18.92 -1.98,28.32 25.01 29.64,csv_top5_match,1,
GENE_NEK2,NEK2,2XNM,WGZ,38,517.4,file,22,26.15 10.71 -18.34,24.63 25.79 25.48,csv_top5_match,2,
GENE_NOTCH1,NOTCH1,5L0R,UDP,25,390.0,file,25,15.08 26.56 11.19,20.00 25.69 23.85,csv_top5_match,1,
GENE_NR0B1,NR0B1,4RWV,PIZ,67,968.3,file,30,8.38 43.44 42.92,31.80 29.59 35.32,csv_top5_match,1,
GENE_NQO2,NQO2,4FGL,CLQ,48,319.9,file,12,21.54 13.75 4.98,26.47 21.88 29.04,csv_top5_match,1,
GENE_NR1H2,NR1H2,6S4N,KUW,35,491.8,file,33,-23.59 -20.19 -7.18,23.00 32.48 22.82,csv_top5_match,2,
GENE_NOS3,NOS3,4D1P,Q16,26,330.2,file,16,14.65 241.72 27.63,29.83 25.30 25.52,csv_top5_match,2,
GENE_NR1H3,NR1H3,3IPQ,965,41,550.8,file,35,41.31 16.42 -5.17,32.86 23.24 24.79,csv_top5_match,2,
GENE_NR1H4,NR1H4,6HL1,JN3,28,352.3,file,25,11.31 -14.17 12.48,23.93 29.71 20.51,csv_top5_match,1,
GENE_NR3C1,NR3C1,4P6W,MOF,35,491.2,file,29,27.00 -52.53 -36.62,21.92 24.61 26.13,csv_top5_match,2,
GENE_NR5A1,NR5A1,1YOW,P0E,46,603.4,file,38,21.39 35.19 58.52,24.03 30.45 29.13,csv_ranked_only,6,
GENE_NR3C2,NR3C2,4PF3,HFN,30,399.2,file,26,-0.09 30.97 41.11,21.56 24.53 27.36,csv_top5_match,1,
GENE_NR4A2,NR4A2,5Y41,RPG,24,304.2,file,16,4.53 -14.34 -22.69,24.80 26.91 25.82,csv_top5_match,1,
GENE_NRP1,NRP1,5JGI,AAG,15,200.1,file,14,56.94 -34.61 -14.06,21.33 24.28 20.98,csv_top5_match,2,
GENE_NR5A2,NR5A2,6VC2,QU7,29,352.3,file,24,12.01 -2.85 11.92,23.39 23.29 24.68,csv_top5_match,1,
GENE_NRAS,NRAS,9BG8,A1A,58,752.6,file,21,-69.54 13.82 -33.07,30.64 34.49 23.13,csv_top5_match,1,
GENE_NSD2,NSD2,7LMT,Y6V,23,312.3,file,16,-1.79 -3.20 20.83,21.78 25.66 21.53,csv_ranked_only,10,
GENE_NT5E,NT5E,7PB5,U5P,21,311.1,file,13,10.97 15.24 36.22,24.19 22.95 23.69,csv_top5_match,3,
GENE_NTRK2,NTRK2,4AT5,MUJ,27,344.2,file,26,-13.02 28.07 -17.54,29.16 21.31 24.66,csv_top5_match,1,
GENE_NTRK1,NTRK1,5JFV,6K1,32,427.7,file,25,-46.20 4.19 2.76,30.59 24.95 22.52,csv_top5_match,2,
GENE_NTRK3,NTRK3,4YMJ,4EJ,40,325.4,file,24,-27.40 -7.07 -8.66,24.30 23.74 24.06,csv_top5_match,2,
GENE_OPRD1,OPRD1,4N6H,EJ4,31,388.3,file,16,-5.91 -69.37 70.81,21.18 24.77 26.77,csv_top5_match,1,
GENE_OXTR,OXTR,6TPK,NU2,36,460.3,file,27,-7.00 1.26 126.07,22.05 24.14 29.18,csv_top5_match,1,
GENE_OPRK1,OPRK1,4DJH,JDC,34,426.3,file,27,3.68 -24.01 59.47,24.60 28.50 26.29,csv_top5_match,1,
GENE_P2RY12,P2RY12,4PXZ,6AD,29,456.2,file,30,13.40 -2.49 53.86,24.23 24.75 27.54,csv_top5_match,1,
GENE_P4HB,P4HB,6I7S,PE5,27,360.2,file,27,7.52 15.80 83.84,24.90 32.69 29.28,csv_top5_match,2,
GENE_PABPC1,PABPC1,5DX1,SFG,27,358.2,file,33,-13.64 21.91 13.60,21.02 30.19 23.18,csv_top5_match,1,
GENE_PARP2,PARP2,4ZZX,FSU,18,232.2,file,20,8.23 14.76 59.17,24.35 23.07 21.45,csv_top5_match,1,
GENE_PADI4,PADI4,2DW5,BFB,20,256.2,file,18,24.07 49.72 22.32,20.06 28.20 22.50,csv_top5_match,5,
GENE_PARP3,PARP3,4GV2,5ME,24,304.2,file,20,-7.41 -4.65 12.13,26.41 26.69 20.50,csv_top5_match,3,
GENE_PCSK9,PCSK9,6U36,PVM,55,731.5,file,27,92.63 -50.59 22.38,32.07 29.05 24.38,csv_ranked_only,12,
GENE_PDE1B,PDE1B,5B25,4QJ,38,481.4,file,21,17.02 19.22 23.23,28.71 22.44 25.88,csv_top5_match,2,
GENE_PDE10A,PDE10A,5C28,4XV,12,173.6,file,14,3.77 13.02 42.29,20.00 20.45 22.16,csv_ranked_only,7,mw_below_floor(174Da)
GENE_PDE3B,PDE3B,1SOJ,IBM,16,208.1,file,17,113.36 -1.23 14.95,21.53 20.55 21.36,csv_top5_match,4,
GENE_PDE3A,PDE3A,7KWE,X5M,22,284.2,file,17,-19.66 -21.25 42.57,20.16 21.99 27.04,csv_top5_match,1,
GENE_PDE2A,PDE2A,5U00,7OV,28,486.1,file,19,9.54 6.42 5.94,23.90 23.65 23.83,csv_top5_match,1,
GENE_PDE4A,PDE4A,3HC8,PD4,34,436.3,file,20,18.95 -7.51 13.53,24.16 24.89 29.61,csv_top5_match,1,
GENE_PDE6C,PDE6C,3JWR,IBM,16,208.1,file,15,-23.44 11.57 -39.34,20.00 21.86 23.25,csv_top5_match,3,
GENE_PDE4B,PDE4B,4KP6,1S1,21,270.2,file,19,-41.24 91.11 114.96,24.91 21.21 22.15,csv_top5_match,1,
GENE_PDE5A,PDE5A,1TBF,VIA,33,444.3,file,21,28.79 30.19 64.18,26.71 24.78 23.92,csv_top5_match,1,
GENE_PDE4D,PDE4D,8W4R,AJR,29,372.3,file,21,26.01 76.65 25.51,26.07 24.05 25.29,csv_top5_match,2,
GENE_PDE6G,PDE6G,3JWR,IBM,16,208.1,file,15,-23.44 11.57 -39.34,20.00 21.86 23.25,csv_top5_match,1,
GENE_PDE7A,PDE7A,1ZKL,IBM,16,208.1,file,18,-0.56 51.76 22.29,21.90 21.73 20.00,csv_top5_match,1,
GENE_PDE6D,PDE6D,5ML3,DL3,43,607.9,file,39,-34.73 4.42 -4.62,31.28 31.51 24.66,csv_top5_match,1,
GENE_PDE8A,PDE8A,3ECN,IBM,16,208.1,file,12,-0.51 -12.39 19.48,20.00 21.48 23.17,csv_top5_match,1,
GENE_PDGFRA,PDGFRA,6JOL,STI,37,462.4,file,29,-37.85 158.01 1.60,24.22 32.72 29.84,csv_top5_match,2,
GENE_PDK3,PDK3,1Y8P,RED,11,176.2,file,12,-77.91 3.59 87.58,21.73 22.29 20.97,csv_top5_match,5,mw_below_floor(176Da)
GENE_PDE9A,PDE9A,4Y86,49D,25,337.7,file,17,77.04 53.04 41.22,23.21 25.97 22.86,csv_top5_match,1,
GENE_PHGDH,PHGDH,6RJ3,K58,26,330.2,file,21,20.95 -10.36 2.95,24.06 25.43 26.86,csv_top5_match,3,
GENE_PGR,PGR,1SQN,NDR,22,272.2,file,22,-2.45 1.53 25.55,20.27 21.39 25.80,csv_top5_match,1,
GENE_PGK1,PGK1,2WZB,3PG,11,179.0,file,17,-0.21 10.38 -17.00,20.61 21.07 20.00,csv_top5_match,2,mw_below_floor(179Da)
GENE_PIK3C2A,PIK3C2A,6BTY,O4B,18,240.1,file,8,-20.39 22.29 12.14,21.62 20.83 23.50,csv_top5_match,1,
GENE_PI4KB,PI4KB,6GL3,EMW,30,384.3,file,21,-39.46 -10.12 4.45,30.48 21.78 23.85,csv_top5_match,5,
GENE_PIP4K2A,PIP4K2A,6UX9,UHJ,39,374.4,file,24,11.60 -6.71 -7.98,27.66 25.56 24.83,csv_top5_match,1,
GENE_PIK3CA,PIK3CA,8EXL,799,34,432.3,file,26,-17.45 14.07 29.67,25.88 27.64 27.09,csv_top5_match,2,
GENE_PIK3C3,PIK3C3,7RSP,7IK,20,256.2,file,18,50.52 2.64 106.12,20.00 21.40 25.02,csv_top5_match,1,
GENE_PKN2,PKN2,6CCY,EX4,41,538.4,file,27,-10.54 15.98 -32.57,29.50 28.50 24.32,csv_top5_match,2,
GENE_PLAT,PLAT,1A5H,BBA,36,356.3,file,28,9.31 39.13 52.41,22.33 28.71 26.34,csv_top5_match,2,
GENE_PLD1,PLD1,6OHR,MKG,32,416.3,file,26,13.09 1.25 53.98,24.22 29.05 24.96,csv_top5_match,2,
GENE_PLA2G7,PLA2G7,5YE8,8U3,13,200.1,file,16,-46.49 -26.88 18.68,21.56 22.16 20.00,csv_top5_match,4,
GENE_PLAU,PLAU,5YC6,PZH,9,178.0,file,18,-29.91 -18.42 10.39,20.77 20.86 20.00,csv_top5_match,1,mw_below_floor(178Da)
GENE_PLK2,PLK2,4I5P,1D1,24,302.2,file,18,9.85 6.70 10.26,25.27 24.07 20.00,csv_top5_match,1,
GENE_PLG,PLG,5UGD,89S,38,476.4,file,25,16.39 -7.09 134.75,32.31 28.68 24.60,csv_top5_match,2,
GENE_PLK1,PLK1,8CRC,VIH,19,303.7,file,10,-12.39 -3.18 -17.02,22.25 25.29 20.00,csv_top5_match,5,
GENE_PLK4,PLK4,4JXF,631,35,436.3,file,30,27.80 -21.97 -47.65,27.55 27.59 24.38,csv_top5_match,4,
GENE_PNP,PNP,7ZSL,JTO,23,341.2,file,26,-21.34 88.64 30.17,24.69 25.46 20.94,csv_top5_match,2,
GENE_PMM2,PMM2,7O58,G16,30,336.1,file,15,-67.93 -37.85 -11.77,23.29 24.17 22.18,csv_top5_match,1,
GENE_POLA1,POLA1,4QCL,DCP,28,451.0,file,16,69.89 46.42 67.68,22.44 21.54 27.03,csv_top5_match,1,
GENE_PPARA,PPARA,9IWM,2VN,80,501.7,file,42,4.35 2.94 31.11,30.40 26.16 30.08,csv_ranked_only,6,
GENE_POLQ,POLQ,9YSI,A1C,43,600.4,file,22,25.11 2.90 69.92,22.21 27.53 33.90,csv_top5_match,1,
GENE_PPIA,PPIA,6GJL,F1Q,24,314.2,file,22,-1.30 17.93 -6.46,26.23 25.29 21.27,csv_top5_match,5,
GENE_PPARD,PPARD,5U41,7UG,67,512.6,file,41,-5.26 1.86 227.71,25.68 26.90 30.43,csv_ranked_only,10,
GENE_PRKAB1,PRKAB1,8BIK,QTN,37,515.8,file,15,-14.53 24.99 3.34,25.86 21.72 34.45,csv_top5_match,1,
GENE_PRKCA,PRKCA,4RA4,3KZ,31,395.3,file,23,32.30 -6.88 12.19,25.10 24.27 23.99,csv_top5_match,2,
GENE_PRKACA,PRKACA,3OVV,1SB,21,268.2,file,24,-7.72 -8.48 19.14,20.32 29.57 22.75,csv_top5_match,2,
GENE_PRKCB,PRKCB,8SE4,ADN,19,254.1,file,19,19.42 -34.87 -1.39,23.28 20.88 22.16,csv_top5_match,2,
GENE_PRKCH,PRKCH,8FP1,XXF,30,399.7,file,26,-17.92 -4.11 12.45,24.41 26.52 23.36,csv_top5_match,1,
GENE_PRKCQ,PRKCQ,1XJD,STU,35,440.3,file,27,56.08 8.07 3.37,25.61 25.44 23.25,csv_top5_match,1,
GENE_PRKCI,PRKCI,6ILZ,AFU,28,352.3,file,23,61.79 1.73 63.33,26.57 21.54 22.35,csv_ranked_only,7,
GENE_PROC,PROC,3F6U,0G6,30,384.3,file,24,7.44 34.30 45.25,27.11 21.85 24.06,csv_top5_match,5,
GENE_PRMT6,PRMT6,6W6D,T9A,29,448.2,file,27,21.18 41.48 1.39,24.82 24.59 24.26,csv_top5_match,2,
GENE_PRSS1,PRSS1,1FXY,0G6,30,384.3,file,30,19.09 9.55 14.01,28.61 24.14 25.42,not_in_csv,,not_in_csv
GENE_PRPS1,PRPS1,8YPZ,HSX,14,219.0,file,15,-12.35 208.90 5.95,20.64 20.00 22.51,csv_top5_match,2,
GENE_PSMA1,PSMA1,5LF1,6VC,28,364.2,file,24,64.14 207.22 44.50,22.45 27.29 24.14,csv_top5_match,2,
GENE_PSMA2,PSMA2,5LF1,6VC,28,364.2,file,25,64.14 207.22 44.50,22.45 27.29 24.14,csv_top5_match,2,
GENE_PSMA3,PSMA3,5LF1,6VC,28,364.2,file,25,64.14 207.22 44.50,22.45 27.29 24.14,csv_top5_match,2,
GENE_PSMA4,PSMA4,5LF1,6VC,28,364.2,file,25,64.14 207.22 44.50,22.45 27.29 24.14,csv_top5_match,2,
GENE_PSMA5,PSMA5,5LF1,6VC,28,364.2,file,25,64.14 207.22 44.50,22.45 27.29 24.14,csv_top5_match,2,
GENE_PSMA6,PSMA6,5LF1,6VC,28,364.2,file,24,64.14 207.22 44.50,22.45 27.29 24.14,csv_top5_match,2,
GENE_PSMA7,PSMA7,4R67,3BV,52,662.5,file,25,-23.96 132.35 -49.92,27.03 31.93 24.93,csv_ranked_only,10,
GENE_PSMB1,PSMB1,5M2B,7DX,35,458.4,file,17,9.31 -137.13 15.96,28.51 26.41 26.76,csv_ranked_only,14,
GENE_PSMB10,PSMB10,6HV7,GQQ,41,544.4,file,25,61.40 -135.35 38.23,25.63 27.38 28.82,csv_ranked_only,14,
GENE_PSMB2,PSMB2,5LF1,6VC,28,364.2,file,25,64.14 207.22 44.50,22.45 27.29 24.14,csv_top5_match,2,
GENE_PSMB3,PSMB3,5LF1,6VC,28,364.2,file,25,64.14 207.22 44.50,22.45 27.29 24.14,csv_top5_match,2,
GENE_PSMB4,PSMB4,5LF1,6VC,28,364.2,file,25,64.14 207.22 44.50,22.45 27.29 24.14,csv_top5_match,2,
GENE_PSMB6,PSMB6,5LF1,6VC,28,364.2,file,24,64.14 207.22 44.50,22.45 27.29 24.14,csv_top5_match,2,
GENE_PSMB5,PSMB5,5LF1,6VC,28,364.2,file,24,64.14 207.22 44.50,22.45 27.29 24.14,csv_top5_match,2,
GENE_PSMB7,PSMB7,5LF1,6VC,28,364.2,file,25,64.14 207.22 44.50,22.45 27.29 24.14,csv_top5_match,2,
GENE_PSMB8,PSMB8,5L5H,39V,46,580.4,file,26,9.79 -136.66 16.85,30.34 23.74 25.59,csv_top5_match,4,
GENE_PSMB9,PSMB9,6E5B,HUJ,33,433.1,file,18,-6.87 16.42 1.84,28.78 24.59 24.91,csv_top5_match,5,
GENE_PTGER4,PTGER4,5YWY,7UR,30,383.3,file,20,-43.45 -42.09 -0.67,24.74 24.26 24.12,csv_top5_match,1,
GENE_PTGER3,PTGER3,6M9T,J9P,26,332.2,file,31,129.92 -7.09 154.87,24.97 23.51 28.26,csv_top5_match,1,
GENE_PTGS1,PTGS1,6Y3C,,,,unavailable,,,,no_ligand_recorded,,no_reference_ligand_recorded
GENE_PTK6,PTK6,6CZ3,FLJ,31,401.3,file,20,9.08 -17.07 10.18,26.59 26.22 26.63,csv_top5_match,3,
GENE_PTGS2,PTGS2,5KIR,COH,73,570.6,file,32,38.56 7.63 44.48,25.73 30.20 25.98,csv_ranked_only,7,
GENE_PTPN1,PTPN1,8G65,YW9,14,174.1,file,13,-7.34 14.86 30.88,24.78 20.00 20.00,csv_top5_match,1,mw_below_floor(174Da)
GENE_PTPN11,PTPN11,5EHR,5OD,23,333.1,file,20,22.42 41.19 4.71,27.00 20.68 23.32,csv_top5_match,3,
GENE_PTPN2,PTPN2,9C55,527,37,584.3,file,26,16.84 31.97 -15.99,34.85 23.72 22.24,csv_ranked_only,7,
GENE_PTPN22,PTPN22,2QCT,561,34,436.3,file,17,-0.28 -202.21 23.08,28.50 27.89 26.83,csv_ranked_only,6,
GENE_PTPRC,PTPRC,5FN7,,,,unavailable,,,,no_ligand_recorded,,no_reference_ligand_recorded
GENE_PTPRB,PTPRB,2I5X,UA5,13,190.2,file,17,21.88 -5.59 28.68,23.55 21.38 20.00,csv_top5_match,3,
GENE_PTPRF,PTPRF,2YD8,YYJ,28,488.3,file,6,-48.82 15.92 9.74,23.95 24.75 23.37,csv_top5_match,1,
GENE_RAD51,RAD51,8C3J,TKI,16,208.1,file,4,13.39 16.08 -8.61,20.72 20.83 23.61,csv_top5_match,2,
GENE_RAPGEF3,RAPGEF3,6H7E,CMP,33,328.2,file,20,-12.05 -18.78 68.72,27.37 21.76 21.89,csv_top5_match,1,
GENE_PYGL,PYGL,2ATI,IHU,23,326.6,file,6,19.63 87.08 105.66,27.75 20.36 22.84,csv_top5_match,2,
GENE_RARG,RARG,6FX0,E9T,30,372.3,file,31,15.28 -10.03 -6.76,24.06 27.98 25.32,csv_ranked_only,8,
GENE_RIPK3,RIPK3,7MX3,ZOV,26,362.4,file,20,10.92 21.24 23.43,20.00 22.71 29.80,csv_top5_match,3,
GENE_RBP4,RBP4,5NU7,RTL,21,256.2,file,28,13.80 7.68 0.51,29.63 20.49 20.48,csv_top5_match,3,
GENE_RIPK1,RIPK1,4ITJ,1HX,21,292.6,file,22,19.61 -3.27 53.85,22.02 25.17 21.46,csv_top5_match,2,
GENE_RORA,RORA,1N83,CLR,28,340.3,file,27,22.25 25.12 17.62,31.93 22.60 20.00,csv_top5_match,1,
GENE_ROCK1,ROCK1,3V8S,0HD,21,264.2,file,21,-45.52 2.80 31.12,20.00 21.32 27.52,csv_top5_match,1,
GENE_ROS1,ROS1,7Z5W,IDW,30,400.3,file,22,1.13 -8.88 24.04,24.06 24.45 22.73,csv_top5_match,4,
GENE_ROCK2,ROCK2,7JNT,VFA,26,328.2,file,24,47.05 67.80 36.45,20.10 30.13 22.22,csv_top5_match,2,
GENE_RORC,RORC,7NPC,ULT,32,448.7,file,26,-1.69 -43.96 -15.06,26.25 22.39 24.89,csv_top5_match,1,
GENE_RPS6KA3,RPS6KA3,4NW6,2NS,31,396.3,file,23,-17.89 1.15 -23.12,27.13 23.11 20.42,csv_top5_match,1,
GENE_S1PR3,S1PR3,7C4S,S1P,25,341.2,file,31,-2.69 -47.62 22.09,20.28 33.51 31.59,csv_top5_match,2,
GENE_S1PR1,S1PR1,3V2Y,ML5,23,315.2,file,28,5.69 17.54 -8.98,26.67 23.60 25.89,csv_top5_match,1,
GENE_S1PR5,S1PR5,7YXA,B2O,59,403.5,file,30,11.15 19.11 10.72,24.09 25.68 27.94,csv_top5_match,1,
GENE_RXRA,RXRA,6LB4,E8L,26,332.2,file,28,3.15 -19.33 -2.90,27.61 20.61 25.35,csv_top5_match,3,
GENE_RRM1,RRM1,3HNE,TTP,29,465.0,file,17,-8.47 -3.34 -37.10,25.40 25.39 22.77,csv_ranked_only,7,
GENE_SCN9A,SCN9A,5EK0,PX4,31,425.2,file,14,-65.45 -14.39 11.92,25.37 34.98 24.68,csv_top5_match,1,
GENE_SGK1,SGK1,3HDM,MMG,24,300.2,file,23,35.79 33.06 68.56,24.74 24.34 22.26,csv_top5_match,3,
GENE_SGPL1,SGPL1,4Q6R,30J,33,431.8,file,11,34.36 12.20 22.73,26.21 28.50 22.47,csv_top5_match,1,
GENE_SERPINE1,SERPINE1,4AQH,TB7,23,298.2,file,23,-28.57 1.89 0.48,27.71 23.91 20.00,csv_ranked_only,6,
GENE_SI,SI,3LPP,KTL,26,400.2,file,23,39.89 58.75 78.87,22.67 21.69 28.06,csv_top5_match,1,
GENE_SIGMAR1,SIGMAR1,6DJZ,GMJ,26,352.7,file,29,10.87 38.69 -36.71,24.79 22.56 31.12,csv_top5_match,3,
GENE_SIK3,SIK3,8R4U,XW3,35,474.8,file,26,-27.44 -24.82 -28.12,30.33 22.20 23.91,csv_top5_match,2,
GENE_SHMT2,SHMT2,8AQL,PLG,20,291.1,file,22,5.35 35.90 27.76,23.02 23.05 24.58,csv_top5_match,1,
GENE_SLC1A3,SLC1A3,5LLM,6Z6,32,400.3,file,22,-38.42 457.76 4.81,21.76 27.42 27.59,csv_top5_match,2,
GENE_SLC29A1,SLC29A1,6OB6,NBM,46,419.4,file,33,10.93 35.92 31.98,23.00 31.52 22.16,csv_top5_match,3,
GENE_SLC2A1,SLC2A1,6THA,P33,22,296.1,file,16,18.94 59.10 11.15,21.77 25.35 23.43,csv_top5_match,1,
GENE_SLC6A9,SLC6A9,6ZPL,QET,61,567.5,file,35,67.02 0.71 33.39,21.82 25.64 32.07,csv_top5_match,2,
GENE_SLC6A4,SLC6A4,5I73,CLR,28,340.3,file,6,33.81 161.15 14.44,27.69 22.41 26.66,csv_top5_match,3,
GENE_SMARCA2,SMARCA2,6HAZ,FX5,38,272.3,file,17,4.62 -6.71 1.51,23.42 27.39 20.00,csv_top5_match,1,
GENE_SORD,SORD,1PL6,572,20,282.2,file,17,102.75 37.00 35.25,26.38 20.00 20.64,csv_top5_match,2,
GENE_SMPD1,SMPD1,5I85,PC,11,169.0,file,11,-13.71 -34.10 -28.73,20.93 20.00 21.66,csv_top5_match,2,mw_below_floor(169Da)
GENE_SMARCA4,SMARCA4,7TAB,GGU,20,250.2,file,16,-9.06 -1.30 23.54,25.63 20.56 20.00,csv_top5_match,1,
GENE_SMO,SMO,4QIM,A8T,33,410.3,file,33,13.84 -12.69 -22.82,20.00 23.06 33.53,csv_top5_match,3,
GENE_SPHK1,SPHK1,4V24,GYR,33,434.4,file,31,-26.13 10.03 -13.92,22.57 28.15 28.80,csv_top5_match,1,
GENE_SORT1,SORT1,5MRI,Q9Y,15,196.1,file,15,-11.09 -78.81 33.41,20.62 21.48 22.56,csv_top5_match,1,
GENE_SRD5A2,SRD5A2,7BW1,NDX,75,1051.5,file,50,-30.88 15.65 36.45,37.51 28.61 32.39,csv_top5_match,1,
GENE_SSTR2,SSTR2,7XN9,GI9,94,645.8,file,39,18.51 46.04 54.57,28.37 29.55 32.06,csv_top5_match,1,
GENE_SRC,SRC,1O4R,787,15,242.0,file,12,17.23 27.52 17.36,20.77 22.17 20.75,csv_top5_match,5,
GENE_SPR,SPR,6I6V,H6E,20,274.2,file,19,27.25 -12.18 17.76,22.00 24.04 22.80,csv_top5_match,1,
GENE_STAT1,STAT1,1YVL,,,,unavailable,,,,no_ligand_recorded,,no_reference_ligand_recorded
GENE_SOS1,SOS1,6V9N,QTD,17,238.2,file,15,33.25 30.66 22.84,21.34 20.05 24.69,csv_top5_match,1,
GENE_STAT3,STAT3,5AX3,5ID,20,379.0,file,19,16.96 -6.21 -16.64,21.69 20.52 24.24,csv_top5_match,2,
GENE_STK17A,STK17A,7QUF,F8I,29,370.3,file,23,-15.87 2.14 26.27,21.02 23.12 26.40,csv_top5_match,2,
GENE_STING1,STING1,6MX3,K5P,32,402.3,file,9,48.75 18.29 74.00,27.02 23.84 23.73,csv_top5_match,1,
GENE_STK4,STK4,8PAV,XOZ,31,428.3,file,21,7.06 -5.84 -44.07,24.85 26.03 27.83,csv_top5_match,1,
GENE_SUMO1,SUMO1,6XOG,,,,unavailable,,,,no_ligand_recorded,,no_reference_ligand_recorded
GENE_SUZ12,SUZ12,5IJ8,6BN,36,505.2,file,20,29.47 20.12 55.97,21.45 34.23 23.51,csv_top5_match,4,
GENE_SYK,SYK,5LMA,6ZG,23,286.2,file,19,25.67 -42.34 37.05,21.02 25.18 26.11,csv_top5_match,4,
GENE_TACR1,TACR1,6HLP,GAW,41,546.3,file,30,4.68 -2.56 29.66,24.91 26.03 29.10,csv_top5_match,1,
GENE_TAF1,TAF1,5I29,67B,22,278.2,file,15,4.65 -8.15 -3.69,24.14 20.00 25.20,csv_top5_match,1,
GENE_TBXA2R,TBXA2R,6IIV,CLR,28,340.3,file,8,23.89 160.46 125.00,20.00 32.65 21.98,csv_top5_match,2,
GENE_TBK1,TBK1,4IM0,1FV,34,428.3,file,24,109.25 15.44 -27.30,28.20 25.39 28.27,csv_top5_match,2,
GENE_TDP2,TDP2,5J3S,6FQ,29,372.3,file,13,7.61 -6.00 15.16,22.02 24.61 25.96,csv_top5_match,2,
GENE_TEK,TEK,3BEA,IXH,38,478.4,file,24,5.04 28.80 6.14,25.52 30.65 24.74,csv_top5_match,1,
GENE_TDP1,TDP1,6N0D,K8J,13,179.1,file,15,7.86 -14.04 -34.40,20.69 22.35 20.00,csv_top5_match,1,mw_below_floor(179Da)
GENE_TDO2,TDO2,6PYZ,H7S,17,223.1,file,14,39.35 -62.29 -31.22,20.00 21.44 24.27,csv_top5_match,1,
GENE_THRA,THRA,3ILZ,B72,24,304.2,file,28,27.78 38.37 31.87,25.11 22.64 27.54,csv_top5_match,1,
GENE_TGFBR2,TGFBR2,4XJJ,41D,16,230.2,file,10,37.37 68.13 3.12,20.05 20.30 24.45,csv_top5_match,2,
GENE_TET2,TET2,9HXV,8XQ,14,182.1,file,19,14.26 -0.29 -36.44,20.00 22.30 20.50,csv_top5_match,2,
GENE_TK1,TK1,2WVJ,TTP,29,465.0,file,33,18.52 -14.12 46.14,23.03 22.36 29.21,csv_top5_match,2,
GENE_THRB,THRB,6KKB,8HO,26,336.2,file,27,33.15 -10.36 14.82,27.59 22.27 25.76,csv_top5_match,1,
GENE_TNFRSF1A,TNFRSF1A,7KP8,A7G,33,424.3,file,11,-25.07 18.62 -0.65,25.54 22.75 27.88,csv_top5_match,5,
GENE_TNF,TNF,7KP9,A7G,33,424.3,file,13,-14.72 -2.08 20.18,26.73 22.67 23.51,csv_ranked_only,6,
GENE_TLR4,TLR4,3ULA,E55,89,1186.7,file,10,34.92 25.37 2.94,37.94 33.48 31.07,csv_ranked_only,7,
GENE_TNIK,TNIK,6RA7,JWK,22,283.2,file,20,10.79 10.87 6.54,21.84 26.79 20.00,csv_top5_match,1,
GENE_TLR8,TLR8,3WN4,D87,18,224.2,file,10,8.41 20.54 34.25,22.53 22.14 21.10,csv_top5_match,3,
GENE_TNNI3K,TNNI3K,4YFI,4CW,21,292.2,file,23,12.93 19.00 10.55,21.09 25.80 20.82,csv_top5_match,1,
GENE_TNKS,TNKS,6QXU,JKN,23,302.2,file,21,-28.07 -15.77 1.06,20.55 21.73 28.35,csv_top5_match,1,
GENE_TOP1,TOP1,1RRJ,TTG,32,414.3,file,3,4.49 -4.76 9.34,22.00 30.45 20.44,csv_top5_match,2,
GENE_TPH2,TPH2,9HB8,UVU,36,476.4,file,31,125.11 13.87 9.56,28.76 25.18 24.34,csv_top5_match,2,
GENE_TP53,TP53,6GGC,EXN,23,284.2,file,18,91.08 95.13 -43.78,20.00 27.43 24.24,csv_top5_match,1,
GENE_TPH1,TPH1,7ZIH,JCR,30,380.3,file,23,-18.18 8.93 -17.81,26.20 25.93 20.50,csv_top5_match,2,
GENE_TOP2B,TOP2B,3QX3,EVP,42,556.3,file,11,33.03 95.77 51.57,30.55 26.15 23.53,csv_ranked_only,6,
GENE_TRAP1,TRAP1,7C7B,FJX,32,398.6,file,25,-20.22 12.73 -10.80,22.43 25.72 22.28,csv_top5_match,2,
GENE_TRIM24,TRIM24,4YAD,4A7,26,356.3,file,14,4.36 2.98 27.20,22.41 23.56 25.14,csv_top5_match,4,
GENE_TUBB3,TUBB3,6S8L,PN6,25,316.2,file,27,16.59 -5.88 27.10,20.00 21.69 29.15,csv_top5_match,1,
GENE_TUBA1B,TUBA1B,6S8L,PN6,25,316.2,file,27,16.59 -5.88 27.10,20.00 21.69 29.15,csv_top5_match,1,
GENE_TTR,TTR,8W45,8KZ,18,228.2,file,11,-21.57 -0.07 -5.84,20.00 20.00 28.14,csv_top5_match,2,
GENE_TXNRD1,TXNRD1,2ZZB,TPT,19,234.2,file,5,-21.27 0.02 -0.01,21.25 23.75 21.12,csv_ranked_only,7,
GENE_TYMP,TYMP,1UOU,CMU,16,231.6,file,26,-3.48 2.00 29.18,21.00 20.39 23.44,csv_top5_match,1,
GENE_UBE2I,UBE2I,5F6Y,5VM,11,181.6,file,7,33.75 11.84 57.31,23.63 20.00 20.00,csv_top5_match,1,
GENE_TYMS,TYMS,5X5D,UMP,20,295.1,file,14,-13.89 18.39 -53.67,23.32 23.68 22.41,csv_top5_match,3,
GENE_UBA2,UBA2,6XOG,VAY,37,590.3,file,23,37.01 -5.52 28.58,28.92 24.53 26.87,csv_top5_match,2,
GENE_UCHL1,UCHL1,8EDE,WEU,30,254.7,file,22,48.17 11.51 14.31,22.49 24.73 21.26,csv_top5_match,1,
GENE_UHRF1,UHRF1,5XPI,8C3,26,350.3,file,9,-35.47 -3.46 8.93,22.28 20.00 30.60,csv_top5_match,3,
GENE_USP28,USP28,8P14,VIS,27,407.2,file,23,56.14 -4.70 -23.65,28.90 24.95 21.30,csv_top5_match,2,
GENE_USP7,USP7,5VSB,9QA,54,425.9,file,24,106.98 -6.06 96.17,22.54 26.88 26.78,csv_top5_match,3,
GENE_USP8,USP8,8ADM,O6C,49,383.9,file,15,4.05 29.54 10.81,23.85 21.57 27.29,csv_top5_match,1,
GENE_VDR,VDR,3B0T,MCZ,30,376.3,file,32,-11.39 -3.16 31.79,28.88 26.90 20.71,csv_top5_match,1,
GENE_VCP,VCP,7PUX,6LY,22,217.1,file,10,-67.17 -20.87 43.57,20.00 22.97 22.24,csv_top5_match,1,
GENE_VEGFA,VEGFA,4QAF,OMA,21,260.2,file,26,14.21 62.89 -0.48,22.44 30.74 25.27,csv_top5_match,1,
GENE_VHL,VHL,4W9F,3JU,29,386.3,file,16,-5.88 33.88 3.51,22.42 20.99 30.92,csv_ranked_only,18,
GENE_XIAP,XIAP,5C3K,4XF,26,181.2,file,12,-15.55 -19.73 -3.64,21.28 20.00 25.14,csv_ranked_only,7,
GENE_XPO1,XPO1,6TVO,LMB,40,508.4,file,22,-51.36 -18.77 -50.45,26.84 37.40 23.07,csv_top5_match,3,
GENE_WRN,WRN,8PFO,YHC,49,670.8,file,32,-7.12 -1.90 25.12,35.08 27.89 22.06,csv_ranked_only,16,
GENE_ZAP70,ZAP70,1U59,STU,35,440.3,file,26,11.64 5.16 53.79,22.80 23.17 26.36,csv_top5_match,2,
CHEMBL1907601_CDK4_CyclinD1,CDK4,7SJ3,6ZV,37,474.3,file,25,12.93 -38.62 10.71,30.74 23.20 24.30,csv_top5_match,2,
GENE_DRD1,DRD1,7JOZ,VFP,27,346.2,file,27,-11.85 -82.73 -44.04,24.29 28.32 20.22,csv_top5_match,1,
